image_name,result
Gambar1.jpg,"A nighttime street scene features a wet, reflective asphalt road, suggesting recent rain. On the left, dark trees and a blue fence line the street. On the right, brightly lit stalls or buildings illuminate the immediate foreground, with parked motorcycles visible. Distant vehicle and other lights create a glow further down the road, contributing to a damp, urban evening atmosphere."
Gambar10.jpg,"The image depicts a nighttime street scene, likely in an urban or semi-urban area, illuminated by a very bright street light at the center-top. The asphalt road appears wet and reflective, suggesting recent rain. On the left, lush green foliage (possibly bamboo) partially frames the scene, while several motorcycles and scooters are visible along the road, with one prominent light-colored scooter in the mid-ground. Simple buildings or roadside stalls line the background, and a red bicycle is parked on the far right."
Gambar11.jpg,"This nighttime street scene shows a roadside area illuminated by a bright overhead streetlamp and a glowing blue sign. On the left, under a makeshift tent, appears to be an outdoor eatery or food stall, with people seated at tables and a scooter parked nearby. The prominent blue sign, partially legible, seems to advertise ""KULINER KATU BAR"". To the right, a paved road carries traffic, with a white car and a light-colored truck moving away from the viewer. Dark tree foliage is visible against the night sky at the top, while the foreground shows unpaved ground with sparse grass."
Gambar2.jpg,"The image shows a narrow, paved residential street stretching into the distance under an overcast sky. Modest houses line both sides of the road, interspersed with lush green vegetation, including prominent banana-like leaves. Overhead utility wires crisscross the frame, and a street light stands tall on the left, contributing to the scene of a quiet, lived-in neighborhood."
Gambar3.jpg,"This image depicts a quiet, somewhat dim street scene under an overcast, cloudy sky. On the left, a building features a blue water tank on its roof and a bare tree branch in the foreground. An empty asphalt road stretches into the distance, flanked by modest, single-story buildings and small shops on both sides. A scooter is parked by the left curb, and numerous overhead power lines crisscross the sky. The overall atmosphere suggests a subdued day in a residential or mixed-use neighborhood."
Gambar4.jpg,blur
Gambar5.jpg,blur
Gambar6.jpg,blur
Gambar7.jpg,"This image shows a nighttime view down a narrow, residential street or alley illuminated by streetlights. Lush green foliage with bright reddish-orange flowers lines the left side, with potted plants along a low fence. On the right, a person in a light jacket stands beside a parked dark scooter on a textured sidewalk. Two cats, one black and one striped, are on the asphalt road, looking further down the illuminated street, which recedes into the distance lined with houses and vegetation under a dark sky."
Gambar8.jpg,"This image captures a daytime scene on a paved residential street. A person on a dark scooter rides down the middle of the road, heading away from the viewer. On the right, a multi-story building with balconies and a dark fence lines the street. On the left, a red utility truck is parked next to a cluttered area, with smaller buildings and trees visible further down. Numerous overhead power lines crisscross the bright, somewhat hazy sky."
Gambar9.jpg,blur
